<?xml version="1.0" encoding="UTF-8"?>
<extension type="module" version="2.5" client="site" method="upgrade">
    <name>MOD_RANDOM_IMAGE_EXTENDED</name>
    <version>2.5-4</version>
    <creationDate>2013-08-04</creationDate>
    <license>http://www.gnu.org/licenses/gpl-3.0</license>
    <copyright>Copyright 2013 Viktor Vogel. All rights reserved.</copyright>
    <author>Viktor Vogel</author>
    <authorEmail>admin@kubik-rubik.de</authorEmail>
    <authorUrl>http://joomla-extensions.kubik-rubik.de</authorUrl>
    <description>MOD_RANDOM_IMAGE_EXTENDED_XML_DESCRIPTION</description>
    <files>
        <filename module="mod_random_image_extended">mod_random_image_extended.php</filename>
        <filename module="mod_random_image_extended">helper.php</filename>
        <filename module="mod_random_image_extended">index.html</filename>
        <folder module="mod_random_image_extended">tmpl</folder>
        <folder module="mod_random_image_extended">slimbox</folder>
        <folder module="mod_random_image_extended">milkbox</folder>
        <folder module="mod_random_image_extended">shadowbox</folder>
        <folder module="mod_random_image_extended">fields</folder>
    </files>
    <languages>
        <language tag="en-GB">language/en-GB/en-GB.mod_random_image_extended.ini</language>
        <language tag="en-GB">language/en-GB/en-GB.mod_random_image_extended.sys.ini</language>
        <language tag="de-DE">language/de-DE/de-DE.mod_random_image_extended.ini</language>
        <language tag="de-DE">language/de-DE/de-DE.mod_random_image_extended.sys.ini</language>
    </languages>
    <config>
        <fields name="params" addfieldpath="/modules/mod_random_image_extended/fields">
            <fieldset name="basic">
                <field type="krdonationcodecheck" />
                <field type="krversioncheck" name="krversioncheck" default="rie|2.5-4" />
                <field type="krtitle" name="spacer_thumbnails" label="MOD_RANDOM_IMAGE_EXTENDED_SPACER_THUMBNAILS" />
                <field name="width" type="text" default="200" label="MOD_RANDOM_IMAGE_EXTENDED_WIDTH" description="MOD_RANDOM_IMAGE_EXTENDED_WIDTHDESC" />
                <field name="height" type="text" default="200" label="MOD_RANDOM_IMAGE_EXTENDED_HEIGHT" description="MOD_RANDOM_IMAGE_EXTENDED_HEIGHTDESC" />
                <field name="ratio" type="list" default="1" label="MOD_RANDOM_IMAGE_EXTENDED_RATIO" description="MOD_RANDOM_IMAGE_EXTENDED_RATIODESC">
                    <option value="1">JYES</option>
                    <option value="0">JNO</option>
                </field>
                <field name="type" type="text" default="jpg, gif, png" label="MOD_RANDOM_IMAGE_EXTENDED_IMAGETYPE" description="MOD_RANDOM_IMAGE_EXTENDED_IMAGETYPEDESC" />
                <field name="folder" type="text" default="images" label="MOD_RANDOM_IMAGE_EXTENDED_IMAGEFOLDER" description="MOD_RANDOM_IMAGE_EXTENDED_IMAGEFOLDERDESC" />
                <field name="subfolder" type="list" default="0" label="MOD_RANDOM_IMAGE_EXTENDED_SUBFOLDER" description="MOD_RANDOM_IMAGE_EXTENDED_SUBFOLDERDESC">
                    <option value="1">JYES</option>
                    <option value="0">JNO</option>
                </field>
                <field name="linkfolder" type="list" default="0" label="MOD_RANDOM_IMAGE_EXTENDED_LINKFOLDER" description="MOD_RANDOM_IMAGE_EXTENDED_LINKFOLDERDESC">
                    <option value="1">JYES</option>
                    <option value="0">JNO</option>
                </field>
                <field name="overwrite" type="list" default="0" label="MOD_RANDOM_IMAGE_EXTENDED_OVERWRITE" description="MOD_RANDOM_IMAGE_EXTENDED_OVERWRITEDESC">
                    <option value="1">JYES</option>
                    <option value="0">JNO</option>
                </field>
                <field type="krtitle" name="spacer_output" label="MOD_RANDOM_IMAGE_EXTENDED_SPACER_OUTPUT" />
                <field name="information_file" type="list" default="0" label="MOD_RANDOM_IMAGE_EXTENDED_INFORMATIONFILE" description="MOD_RANDOM_IMAGE_EXTENDED_INFORMATIONFILEDESC">
                    <option value="1">JYES</option>
                    <option value="0">JNO</option>
                </field>
                <field name="allpicsrandom" type="list" default="1" label="MOD_RANDOM_IMAGE_EXTENDED_ALLPICSRANDOM" description="MOD_RANDOM_IMAGE_EXTENDED_ALLPICSRANDOMDESC">
                    <option value="1">JYES</option>
                    <option value="2">JYESNOTFIRST</option>
                    <option value="0">JNO</option>
                </field>
                <field name="bname" type="list" default="0" label="MOD_RANDOM_IMAGE_EXTENDED_IMAGENAME" description="MOD_RANDOM_IMAGE_EXTENDED_IMAGENAMEDESC">
                    <option value="1">JYES</option>
                    <option value="0">JNO</option>
                </field>
                <field name="caption" type="text" default="" label="MOD_RANDOM_IMAGE_EXTENDED_CAPTION" description="MOD_RANDOM_IMAGE_EXTENDED_CAPTIONDESC" />
                <field name="link" type="text" default="" label="MOD_RANDOM_IMAGE_EXTENDED_LINK" description="MOD_RANDOM_IMAGE_EXTENDED_LINKDESC" />
                <field name="newwindow" type="list" default="0" label="MOD_RANDOM_IMAGE_EXTENDED_NEWWINDOW" description="MOD_RANDOM_IMAGE_EXTENDED_NEWWINDOWDESC">
                    <option value="1">JYES</option>
                    <option value="0">JNO</option>
                </field>
                <field name="image_rotator" type="list" default="0" label="MOD_RANDOM_IMAGE_EXTENDED_IMAGEROTATOR" description="MOD_RANDOM_IMAGE_EXTENDED_IMAGEROTATORDESC">
                    <option value="1">JYES</option>
                    <option value="0">JNO</option>
                </field>
                <field name="image_rotator_duration" type="text" default="6" label="MOD_RANDOM_IMAGE_EXTENDED_IMAGEROTATORDURATION" description="MOD_RANDOM_IMAGE_EXTENDED_IMAGEROTATORDURATIONDESC" />
                <field type="krtitle" name="spacer_lightbox" label="MOD_RANDOM_IMAGE_EXTENDED_SPACER_LIGHTBOX" />
                <field name="lightbox" type="list" default="1" label="MOD_RANDOM_IMAGE_EXTENDED_LIGHTBOX" description="MOD_RANDOM_IMAGE_EXTENDED_LIGHTBOXDESC">
                    <option value="1">JYES</option>
                    <option value="0">JNO</option>
                </field>
                <field name="lb_yes" type="list" default="shadowbox" label="MOD_RANDOM_IMAGE_EXTENDED_LIGHTBOXSELECT" description="MOD_RANDOM_IMAGE_EXTENDED_LIGHTBOXSELECTDESC">
                    <option value="shadowbox">Shadowbox</option>
                    <option value="slimbox">Slimbox</option>
                    <option value="milkbox">Milkbox</option>
                </field>
                <field name="allpics" type="list" default="1" label="MOD_RANDOM_IMAGE_EXTENDED_ALLPICS" description="MOD_RANDOM_IMAGE_EXTENDED_ALLPICSDESC">
                    <option value="1">JYES</option>
                    <option value="0">JNO</option>
                </field>
                <field type="krtitle" name="spacer_advanced" label="MOD_RANDOM_IMAGE_EXTENDED_SPACER_ADVANCED" />
                <field name="moduleclass_sfx" type="text" label="COM_MODULES_FIELD_MODULECLASS_SFX_LABEL" description="COM_MODULES_FIELD_MODULECLASS_SFX_DESC" />
                <field name="cache" type="list" default="0" label="COM_MODULES_FIELD_CACHING_LABEL" description="COM_MODULES_FIELD_CACHING_DESC">
                    <option value="1">Use global</option>
                    <option value="0">No caching</option>
                </field>
                <field name="copy" type="list" default="1" label="MOD_RANDOM_IMAGE_EXTENDED_POWEREDBY" description="MOD_RANDOM_IMAGE_EXTENDED_POWEREDBYDESC">
                    <option value="1">JYES</option>
                    <option value="0">JNO</option>
                </field>
            </fieldset>
            <fieldset name="donation">
                <field name="donation_code" type="text" default="" size="40" label="KR_DONATION_CODE" description="KR_DONATION_CODEDESC" />
            </fieldset>
            <fieldset name="versioncheck">
                <field name="versioncheck_enable" type="list" default="1" label="KR_VERSION_CHECK" description="KR_VERSION_CHECKDESC">
                    <option value="1">KR_VERSION_CHECK_ONCESESSION</option>
                    <option value="2">KR_VERSION_CHECK_ONEVERYLOAD</option>
                    <option value="0">JNO</option>
                </field>
            </fieldset>
        </fields>
    </config>
</extension>